freeCodeCamp/freeCodeCamp,staging,292399,13987,2014-12-24T17:49:19Z,2018-06-25T23:31:46Z
twbs/bootstrap,v4-dev,125578,60477,2011-07-29T21:19:00Z,2018-06-25T23:36:14Z
EbookFoundation/free-programming-books,master,107346,27288,2013-10-11T06:50:37Z,2018-06-25T18:48:15Z
vuejs/vue,dev,104954,14612,2013-07-29T03:24:51Z,2018-06-25T23:20:55Z
facebook/react,master,104521,18702,2013-05-24T16:15:54Z,2018-06-25T23:28:58Z
tensorflow/tensorflow,master,103490,64621,2015-11-07T01:19:20Z,2018-06-25T23:21:06Z
sindresorhus/awesome,master,87859,11598,2014-07-11T13:42:37Z,2018-06-25T22:38:42Z
getify/You-Dont-Know-JS,master,83970,15603,2013-11-16T02:37:24Z,2018-06-25T23:37:01Z
d3/d3,master,76773,19441,2010-09-27T17:22:42Z,2018-06-25T23:18:50Z
airbnb/javascript,master,72494,13852,2012-11-01T23:13:50Z,2018-06-25T22:31:07Z
robbyrussell/oh-my-zsh,master,72321,14839,2009-08-28T18:15:37Z,2018-06-25T22:42:41Z
github/gitignore,master,68877,31645,2010-11-08T20:17:14Z,2018-06-25T23:31:51Z
facebook/react-native,master,65608,14826,2015-01-09T18:10:16Z,2018-06-25T23:16:06Z
jwasham/coding-interview-university,master,65556,18429,2016-06-06T02:34:12Z,2018-06-25T22:59:50Z
electron/electron,master,61707,8079,2013-04-12T01:47:36Z,2018-06-25T22:56:25Z
torvalds/linux,master,60124,22032,2011-09-04T22:48:12Z,2018-06-25T23:34:00Z
angular/angular.js,master,58701,28945,2010-01-06T00:34:37Z,2018-06-25T22:58:51Z
FortAwesome/Font-Awesome,master,56759,9697,2012-02-17T14:19:43Z,2018-06-25T23:30:37Z
Microsoft/vscode,master,53874,7057,2015-09-03T20:23:38Z,2018-06-25T23:30:36Z
daneden/animate.css,master,52322,11214,2011-10-12T10:07:38Z,2018-06-25T23:32:25Z
vinta/awesome-python,master,51793,10020,2014-06-27T21:00:06Z,2018-06-25T23:07:18Z
kamranahmedse/developer-roadmap,master,51653,7739,2017-03-15T13:45:52Z,2018-06-25T23:29:15Z
facebook/create-react-app,next,51109,10775,2016-07-17T14:55:11Z,2018-06-25T23:07:25Z
nodejs/node,master,50699,10629,2014-11-26T19:57:11Z,2018-06-25T23:30:22Z
moby/moby,master,49343,14413,2013-01-18T18:10:57Z,2018-06-25T20:49:59Z
jquery/jquery,master,49275,16041,2009-04-03T15:20:14Z,2018-06-25T23:15:59Z
atom/atom,master,45434,9503,2012-01-20T18:18:21Z,2018-06-25T23:36:38Z
apple/swift,master,44301,6985,2015-10-23T21:15:07Z,2018-06-25T23:36:26Z
laravel/laravel,master,43906,13589,2011-06-08T03:06:08Z,2018-06-25T23:16:01Z
axios/axios,master,43842,3168,2014-08-18T22:30:27Z,2018-06-25T22:48:21Z
golang/go,master,43250,5864,2014-08-19T04:33:40Z,2018-06-25T22:19:02Z
mrdoob/three.js,dev,42753,16094,2010-03-23T18:58:01Z,2018-06-25T22:46:42Z
socketio/socket.io,master,42319,7888,2010-03-11T18:24:48Z,2018-06-25T23:11:14Z
reduxjs/redux,master,42080,10256,2015-05-29T23:53:15Z,2018-06-25T23:14:31Z
webpack/webpack,master,41961,5266,2012-03-10T10:08:14Z,2018-06-25T22:42:49Z
Semantic-Org/Semantic-UI,master,41782,4510,2013-04-08T23:32:04Z,2018-06-25T20:20:37Z
hakimel/reveal.js,master,41139,12078,2011-06-07T18:54:22Z,2018-06-25T18:01:05Z
h5bp/html5-boilerplate,master,40808,9710,2010-01-24T18:03:24Z,2018-06-25T19:55:43Z
rails/rails,master,40014,16154,2008-04-11T02:19:47Z,2018-06-25T23:16:20Z
meteor/meteor,devel,39965,4998,2012-01-19T01:58:17Z,2018-06-25T21:40:14Z
expressjs/express,master,38946,6867,2009-06-26T18:56:01Z,2018-06-25T23:28:03Z
toddmotto/public-apis,master,38762,3801,2016-03-20T23:49:42Z,2018-06-25T21:18:03Z
rg3/youtube-dl,master,38038,6902,2010-10-31T14:35:07Z,2018-06-25T22:23:40Z
mui-org/material-ui,master,38025,6914,2014-08-18T19:11:54Z,2018-06-25T23:24:25Z
kubernetes/kubernetes,master,37979,13272,2014-06-06T22:56:04Z,2018-06-25T23:10:34Z
chartjs/Chart.js,master,37799,8853,2013-03-17T23:56:36Z,2018-06-25T22:50:57Z
angular/angular,master,37662,9077,2014-09-18T16:12:01Z,2018-06-25T23:18:08Z
moment/moment,develop,37605,5594,2011-03-01T02:46:06Z,2018-06-25T21:05:02Z
tensorflow/models,master,37337,21757,2016-02-05T01:15:20Z,2018-06-25T23:17:08Z
pallets/flask,master,36866,10963,2010-04-06T11:11:59Z,2018-06-25T21:55:58Z
resume/resume.github.com,master,36702,968,2011-02-06T13:39:55Z,2018-06-25T20:44:04Z
nvbn/thefuck,master,35939,1808,2015-04-08T15:08:04Z,2018-06-25T22:01:22Z
Microsoft/TypeScript,master,35915,5154,2014-06-17T15:28:39Z,2018-06-25T22:46:57Z
jakubroztocil/httpie,master,35824,2418,2012-02-25T12:39:13Z,2018-06-25T23:02:06Z
nodejs/node-v0.x-archive,moved,35820,7930,2009-05-27T16:29:46Z,2018-06-25T19:10:45Z
h5bp/Front-end-Developer-Interview-Questions,master,35622,7325,2012-02-09T23:34:10Z,2018-06-25T23:36:35Z
getlantern/lantern,devel,35594,8270,2011-02-17T22:12:29Z,2018-06-25T22:49:13Z
jlevy/the-art-of-command-line,master,35520,3537,2015-05-20T15:11:03Z,2018-06-25T21:14:41Z
google/material-design-icons,master,35194,6982,2014-10-08T18:01:28Z,2018-06-25T19:27:11Z
iluwatar/java-design-patterns,master,35123,11344,2014-08-09T16:45:18Z,2018-06-25T21:40:51Z
django/django,master,34701,14744,2012-04-28T02:47:18Z,2018-06-25T23:16:03Z
jekyll/jekyll,master,34625,7632,2008-10-20T06:29:03Z,2018-06-25T18:55:20Z
justjavac/free-programming-books-zh_CN,master,34616,12322,2013-11-04T01:59:19Z,2018-06-25T17:33:50Z
ionic-team/ionic,master,34533,11292,2013-08-20T23:06:02Z,2018-06-25T21:06:48Z
vuejs/awesome-vue,master,34351,4706,2015-10-20T00:16:14Z,2018-06-25T23:01:54Z
mtdvio/every-programmer-should-know,master,34002,2942,2017-08-24T13:18:26Z,2018-06-25T21:20:26Z
danistefanovic/build-your-own-x,master,33988,2030,2018-05-09T12:03:18Z,2018-06-25T23:27:28Z
GoogleChrome/puppeteer,master,33963,2691,2017-05-09T22:16:13Z,2018-06-25T23:07:20Z
nwjs/nw.js,nw31,33947,3768,2012-01-04T06:21:10Z,2018-06-25T22:47:04Z
ReactiveX/RxJava,2.x,33869,5887,2013-01-08T20:11:48Z,2018-06-25T22:38:12Z
impress/impress.js,master,33673,6784,2011-12-28T22:23:19Z,2018-06-25T18:56:07Z
josephmisiti/awesome-machine-learning,master,33648,8215,2014-07-15T19:11:19Z,2018-06-25T22:36:31Z
x64dbg/x64dbg,development,33228,738,2015-04-11T20:48:23Z,2018-06-25T19:38:00Z
Dogfalo/materialize,v1-dev,33148,4562,2014-09-12T19:35:38Z,2018-06-25T22:43:34Z
requests/requests,master,33088,6121,2011-02-13T18:38:17Z,2018-06-25T23:07:28Z
ossu/computer-science,dev,33011,4623,2014-05-04T00:18:39Z,2018-06-25T21:30:01Z
lodash/lodash,master,32809,3410,2012-04-07T04:11:46Z,2018-06-25T22:47:10Z
bitcoin/bitcoin,master,32742,19705,2010-12-19T15:16:43Z,2018-06-25T23:22:02Z
typicode/json-server,master,32734,2745,2013-11-27T13:21:13Z,2018-06-25T23:22:21Z
yarnpkg/yarn,master,32132,1821,2016-01-19T17:39:16Z,2018-06-25T22:39:56Z
avelino/awesome-go,master,32095,4145,2014-07-06T13:42:15Z,2018-06-25T23:02:39Z
elastic/elasticsearch,master,31979,10988,2010-02-08T13:20:56Z,2018-06-25T22:58:11Z
NARKOZ/hacker-scripts,master,31517,5617,2015-11-21T19:05:09Z,2018-06-25T14:50:42Z
necolas/normalize.css,master,31468,6401,2011-05-04T10:20:25Z,2018-06-25T21:15:17Z
AFNetworking/AFNetworking,master,31218,9621,2011-05-31T21:28:44Z,2018-06-25T09:48:24Z
ReactTraining/react-router,master,31089,6613,2014-05-16T22:22:51Z,2018-06-25T18:10:50Z
ansible/ansible,devel,30940,11739,2012-03-06T14:58:02Z,2018-06-25T23:30:10Z
keras-team/keras,master,30923,11583,2015-03-28T00:35:42Z,2018-06-25T22:27:19Z
wasabeef/awesome-android-ui,master,30740,8248,2014-12-24T01:45:03Z,2018-06-25T22:03:17Z
papers-we-love/papers-we-love,master,30585,2890,2013-12-15T14:31:41Z,2018-06-25T23:22:39Z
google/material-design-lite,mdl-1.x,30261,5220,2015-01-14T22:01:33Z,2018-06-25T19:17:21Z
firehol/netdata,master,30174,2550,2013-06-17T18:39:10Z,2018-06-25T21:30:35Z
ant-design/ant-design,master,29991,9241,2015-04-24T15:37:24Z,2018-06-25T22:12:07Z
adam-p/markdown-here,master,29871,4998,2012-05-13T03:27:22Z,2018-06-25T23:13:32Z
antirez/redis,unstable,29772,11540,2009-03-21T22:32:25Z,2018-06-25T22:32:01Z
gulpjs/gulp,master,29749,4323,2013-07-04T05:26:06Z,2018-06-25T22:12:14Z
flutter/flutter,master,29495,2647,2015-03-06T22:54:58Z,2018-06-25T23:26:07Z
adobe/brackets,master,29050,6295,2011-12-07T21:14:40Z,2018-06-25T14:54:57Z
scikit-learn/scikit-learn,master,28986,14367,2010-08-17T09:43:38Z,2018-06-25T23:32:04Z
rust-lang/rust,master,28979,5006,2010-06-16T20:39:03Z,2018-06-25T21:51:23Z
